City_ID,City,Lat,Lng,Max Temp,Humidity,Cloudiness,Wind Speed,Country,Date
0,Lorengau,-2.0226,147.2712,82.67,76,99,2.95,PG,2/13/2022 23:19
1,Mataura,-46.1927,168.8643,62.47,48,37,2.28,NZ,2/13/2022 23:23
2,Taoudenni,22.6783,-3.9836,62.38,25,0,11.07,ML,2/13/2022 23:21
3,Puerto Ayora,-0.7393,-90.3518,76.55,90,91,1.99,EC,2/13/2022 23:23
4,Albany,42.6001,-73.9662,23.27,55,100,8.37,US,2/13/2022 23:18
5,Coahuayana,18.7333,-103.6833,94.48,42,96,6.31,MX,2/13/2022 23:23
6,Bethel,41.3712,-73.414,29.05,67,100,6.91,US,2/13/2022 23:17
7,Bria,6.5423,21.9863,74.17,23,49,4.07,CF,2/13/2022 23:23
8,Tasiilaq,65.6145,-37.6368,21.36,93,100,14.36,GL,2/13/2022 23:21
9,Zhigansk,66.7697,123.3711,-37.35,100,56,1.54,RU,2/13/2022 23:18
10,Rikitea,-23.1203,-134.9692,78.62,71,66,12.82,PF,2/13/2022 23:18
11,Bengkulu,-3.8004,102.2655,75.29,88,100,3.27,ID,2/13/2022 23:23
12,Shache,38.4167,77.2406,29.71,50,7,4.9,CN,2/13/2022 23:23
13,Punta Arenas,-53.15,-70.9167,48.31,43,20,20.71,CL,2/13/2022 23:22
14,Rio Gallegos,-51.6226,-69.2181,51.85,28,20,39.12,AR,2/13/2022 23:23
15,Constitucion,-35.3333,-72.4167,63.77,80,58,6.2,CL,2/13/2022 23:23
16,Harper,4.375,-7.7169,77.81,85,52,4.12,LR,2/13/2022 23:23
17,Cape Town,-33.9258,18.4232,72.12,81,20,18.41,ZA,2/13/2022 23:17
18,Manzanillo,20.3433,-77.1167,77.74,77,8,8.75,CU,2/13/2022 23:23
19,Georgetown,5.4112,100.3354,79.9,90,40,3.44,MY,2/13/2022 23:19
20,Tiksi,71.6872,128.8694,-12.68,93,12,11.59,RU,2/13/2022 23:20
21,Keffi,8.8486,7.8736,73.78,14,78,4,NG,2/13/2022 23:23
22,Macherla,16.4833,79.4333,67.86,96,9,4.68,IN,2/13/2022 23:23
23,Tak,16.5833,98.8333,58.71,55,73,1.57,TH,2/13/2022 23:23
24,Gizo,-8.103,156.8419,82.85,73,84,5.06,SB,2/13/2022 23:23
25,Kudahuvadhoo,2.6708,72.8944,80.49,78,99,8.61,MV,2/13/2022 23:23
26,Tyup,42.7276,78.3648,20.77,81,95,3.36,KG,2/13/2022 23:23
27,Vaini,-21.2,-175.2,86.16,74,40,13.8,TO,2/13/2022 23:23
28,Lima,-12.0432,-77.0282,75.38,81,0,12.66,PE,2/13/2022 23:20
29,Port Alfred,-33.5906,26.891,70.56,87,76,11.3,ZA,2/13/2022 23:22
30,Thompson,55.7435,-97.8558,-5.64,71,20,2.3,CA,2/13/2022 23:23
31,Pevek,69.7008,170.3133,-17.05,97,100,8.99,RU,2/13/2022 23:23
32,Busselton,-33.65,115.3333,66.04,71,0,12.26,AU,2/13/2022 23:22
33,Nanortalik,60.1432,-45.2371,27.14,90,100,8.05,GL,2/13/2022 23:23
34,Tuatapere,-46.1333,167.6833,62.82,50,46,1.66,NZ,2/13/2022 23:23
35,Atambua,-9.1061,124.8925,74.88,85,55,2.42,ID,2/13/2022 23:23
36,Imeni Poliny Osipenko,52.4201,136.4853,-0.4,96,100,5.5,RU,2/13/2022 23:23
37,Ushuaia,-54.8,-68.3,38.86,81,75,16.11,AR,2/13/2022 23:21
38,Butaritari,3.0707,172.7902,80.8,79,68,12.53,KI,2/13/2022 23:23
39,Torbay,47.6666,-52.7314,35.58,75,75,14.97,CA,2/13/2022 23:23
40,Faanui,-16.4833,-151.75,80.92,73,100,13.89,PF,2/13/2022 23:23
41,Chuy,-33.6971,-53.4616,62.71,58,1,8.81,UY,2/13/2022 23:23
42,Qaanaaq,77.484,-69.3632,-9.56,80,93,6.17,GL,2/13/2022 23:21
43,San Cristobal,7.7669,-72.225,75.38,65,90,0.98,VE,2/13/2022 23:23
44,Prince Rupert,54.3161,-130.3201,48.29,76,100,9.22,CA,2/13/2022 23:23
45,Yaan,7.3833,8.5667,83.64,12,100,2.71,NG,2/13/2022 23:23
46,Lavrentiya,65.5833,-171,-18.27,92,30,3.67,RU,2/13/2022 23:24
47,Esperance,-33.8667,121.9,64.24,72,41,12.68,AU,2/13/2022 23:24
48,Alvaraes,-3.2208,-64.8042,80.47,96,81,3.02,BR,2/13/2022 23:24
49,Lompoc,34.6391,-120.4579,85.78,48,0,6.91,US,2/13/2022 23:24
50,Bendigo,-36.7667,144.2833,80.64,36,2,5.01,AU,2/13/2022 23:24
51,Stepnyak,52.8339,70.7803,0.97,95,96,2.73,KZ,2/13/2022 23:24
52,Khandyga,62.6667,135.6,-42.23,100,76,2.15,RU,2/13/2022 23:24
53,Chokurdakh,70.6333,147.9167,-9.36,94,99,8.55,RU,2/13/2022 23:24
54,Singarayakonda,15.25,80.0333,72.36,85,11,3.2,IN,2/13/2022 23:24
55,Atuona,-9.8,-139.0333,78.08,77,19,12.91,PF,2/13/2022 23:23
56,Victoria,22.2855,114.1577,60.24,83,100,8.99,HK,2/13/2022 23:22
57,Bilma,18.6853,12.9164,66.99,12,0,7.47,NE,2/13/2022 23:24
58,Bima,-8.4667,118.7167,77.14,91,94,2.24,ID,2/13/2022 23:24
59,Kashi,39.4547,75.9797,31.23,46,20,6.71,CN,2/13/2022 23:24
60,Hithadhoo,-0.6,73.0833,82.04,73,81,10.74,MV,2/13/2022 23:24
61,Touros,-5.1989,-35.4608,83.3,76,8,14,BR,2/13/2022 23:24
62,Bud,39.447,-86.1758,22.69,74,100,9.71,US,2/13/2022 23:24
63,Gamba,-2.65,10,77.34,87,98,1.79,GA,2/13/2022 23:24
64,Moroni,-11.7022,43.2551,78.64,85,6,3.09,KM,2/13/2022 23:24
65,Sayyan,15.1718,44.3244,50.63,59,13,1.01,YE,2/13/2022 23:24
66,Ilulissat,69.2167,-51.1,10.42,85,100,26.46,GL,2/13/2022 23:24
67,Yellowknife,62.456,-114.3525,-12.59,68,20,2.3,CA,2/13/2022 23:24
68,Abu Dhabi,24.4667,54.3667,63.97,79,20,3.44,AE,2/13/2022 23:24
69,Mahebourg,-20.4081,57.7,81.25,94,40,8.05,MU,2/13/2022 23:24
70,Airai,-8.9266,125.4092,62.53,85,40,2.28,TL,2/13/2022 23:24
71,Ferrieres,50.4016,5.6109,50.34,85,100,17.29,BE,2/13/2022 23:24
72,Saskylakh,71.9167,114.0833,-17.9,89,46,3,RU,2/13/2022 23:22
73,Bluff,-46.6,168.3333,62.8,65,34,0.34,NZ,2/13/2022 23:24
74,Vila Franca Do Campo,37.7167,-25.4333,59.2,74,17,5.41,PT,2/13/2022 23:24
75,Vila Velha,-20.3297,-40.2925,75.15,97,100,6.91,BR,2/13/2022 23:24
76,Puerto Colombia,10.9878,-74.9547,80.69,78,76,25.64,CO,2/13/2022 23:24
77,Jamestown,42.097,-79.2353,18.09,57,100,8.05,US,2/13/2022 23:21
78,Fuxin,42.0156,121.6589,8.28,84,100,11.14,CN,2/13/2022 23:24
79,Rumoi,43.9344,141.6428,22.51,86,96,4.29,JP,2/13/2022 23:24
80,Sitka,57.0531,-135.33,42.69,81,100,4.61,US,2/13/2022 23:24
81,Fortuna,40.5982,-124.1573,72.43,100,100,6.91,US,2/13/2022 23:24
82,Pacific Grove,36.6177,-121.9166,85.57,70,0,7,US,2/13/2022 23:23
83,Kapaa,22.0752,-159.319,82.38,60,40,16.11,US,2/13/2022 23:20
84,Road Town,18.4167,-64.6167,77.04,83,75,18.41,VG,2/13/2022 23:24
85,New Norfolk,-42.7826,147.0587,63.66,65,96,3.13,AU,2/13/2022 23:22
86,East London,-33.0153,27.9116,73.27,81,87,11.56,ZA,2/13/2022 23:24
87,Khatanga,71.9667,102.5,-26.57,97,75,2.68,RU,2/13/2022 23:24
88,Palmer,42.1584,-72.3287,29.37,57,75,10.36,US,2/13/2022 23:24
89,Talcahuano,-36.7167,-73.1167,60.48,82,75,10.36,CL,2/13/2022 23:20
90,Kiruna,67.8557,20.2251,2.32,85,61,11.5,SE,2/13/2022 23:24
91,Puri,19.8,85.85,57.72,57,39,5.48,IN,2/13/2022 23:21
92,Salinopolis,-0.6136,-47.3561,77.61,89,100,9.33,BR,2/13/2022 23:25
93,Rochester,43.1548,-77.6156,16.32,69,75,9.22,US,2/13/2022 23:25
94,Porto Novo,6.4965,2.6036,82.22,79,10,10.54,BJ,2/13/2022 23:25
95,Ancud,-41.8697,-73.8203,71.22,79,12,2.86,CL,2/13/2022 23:22
96,Half Moon Bay,37.4636,-122.4286,81.57,49,0,5.75,US,2/13/2022 23:23
97,Kodiak,57.79,-152.4072,38.71,65,0,10.36,US,2/13/2022 23:24
98,Innisfail,-17.5333,146.0333,83.21,74,60,11.83,AU,2/13/2022 23:25
99,Tongren,27.7172,109.1853,42.6,87,96,2.91,CN,2/13/2022 23:25
100,Vestmannaeyjar,63.4427,-20.2734,33.96,73,99,29.84,IS,2/13/2022 23:26
101,Guerrero Negro,27.9769,-114.0611,81.18,20,13,10.09,MX,2/13/2022 23:26
102,Gazanjyk,39.2446,55.5154,38.84,61,75,9.53,TM,2/13/2022 23:26
103,Arlit,18.7369,7.3853,66.9,13,0,4.52,NE,2/13/2022 23:24
104,George,-33.963,22.4617,65.75,94,75,3.44,ZA,2/13/2022 23:24
105,Urucurituba,-2.6833,-57.6667,74.97,95,99,1.52,BR,2/13/2022 23:26
106,Zarechnyy,53.2036,45.1923,22.32,43,89,7.25,RU,2/13/2022 23:26
107,Angoram,-4.0625,144.0661,76.42,94,100,2.15,PG,2/13/2022 23:23
108,Gornopravdinsk,60.05,69.9,4.44,96,100,3.96,RU,2/13/2022 23:26
109,Bambous Virieux,-20.3428,57.7575,81.21,94,40,8.05,MU,2/13/2022 23:26
110,Havelock,34.8791,-76.9013,45.05,85,100,3,US,2/13/2022 23:26
111,Dikson,73.5069,80.5464,-4.94,87,100,24.45,RU,2/13/2022 23:22
112,Suntar,62.1444,117.6319,-17.36,100,100,1.63,RU,2/13/2022 23:23
113,Armidale,-30.5167,151.65,63.81,53,5,8.05,AU,2/13/2022 23:26
114,Hilo,19.7297,-155.09,78.53,74,40,9.22,US,2/13/2022 23:26
115,Carnarvon,-24.8667,113.6333,77.07,88,3,0,AU,2/13/2022 23:26
116,Hobart,-42.8794,147.3294,64.02,73,100,10.36,AU,2/13/2022 23:22
117,Xuddur,4.1213,43.8894,69.91,63,90,12.08,SO,2/13/2022 23:26
118,Finschhafen,-6.6024,147.8681,81.73,78,98,7.96,PG,2/13/2022 23:26
119,Ipixuna,-1.7625,-48.8043,76.95,97,97,3.8,BR,2/13/2022 23:26
120,Birao,10.2849,22.7882,70.09,12,39,6.67,CF,2/13/2022 23:21
121,Ryotsu,38.0833,138.4333,37.36,62,63,8.08,JP,2/13/2022 23:25
122,Arraial Do Cabo,-22.9661,-42.0278,75.81,89,9,11.25,BR,2/13/2022 23:25
123,Kemi,65.8596,24.8228,29.97,100,75,9.22,FI,2/13/2022 23:26
124,Rawson,-43.3002,-65.1023,81.37,25,0,24.38,AR,2/13/2022 23:26
125,Novodolinskiy,49.705,72.7047,23.58,96,98,8.75,KZ,2/13/2022 23:26
126,Vilhena,-12.7406,-60.1458,71.82,100,40,3.44,BR,2/13/2022 23:26
127,Nikolskoye,59.7035,30.7861,35.87,92,100,12.21,RU,2/13/2022 23:26
128,Anadyr,64.75,177.4833,-32.01,73,0,8.95,RU,2/13/2022 23:26
129,Kaitong,44.8135,123.15,-0.81,94,100,8.75,CN,2/13/2022 23:26
130,Ponta Do Sol,32.6667,-17.1,63.05,57,95,1.97,PT,2/13/2022 23:25
131,Ouadda,8.0777,22.4007,73.6,13,81,6.58,CF,2/13/2022 23:26
132,Srednekolymsk,67.45,153.6833,-32.66,99,24,6.49,RU,2/13/2022 23:22
133,Ovsyanka,55.9575,92.5519,-16.78,100,82,2.24,RU,2/13/2022 23:27
134,Longyearbyen,78.2186,15.6401,15.64,92,100,6.91,SJ,2/13/2022 23:27
135,Madisonville,37.3281,-87.4989,36.23,43,9,4,US,2/13/2022 23:23
136,Caravelas,-17.7125,-39.2481,76.19,85,82,5.95,BR,2/13/2022 23:27
137,San Carlos De Bariloche,-41.1456,-71.3082,76.75,27,5,25.32,AR,2/13/2022 23:26
138,Kailua,21.4022,-157.7394,81.07,62,75,10.36,US,2/13/2022 23:27
139,Vuktyl,63.8567,57.3094,4.26,98,100,3.74,RU,2/13/2022 23:27
140,Orocue,4.7912,-71.3354,89.42,34,20,8.37,CO,2/13/2022 23:27
141,Casablanca,33.5928,-7.6192,60.33,82,42,5.01,MA,2/13/2022 23:27
142,Sterling,39.0062,-77.4286,33.31,74,40,6.91,US,2/13/2022 23:23
143,Kavaratti,10.5669,72.642,80.13,72,33,5.28,IN,2/13/2022 23:23
144,Norman Wells,65.282,-126.8329,-7.56,64,100,5.75,CA,2/13/2022 23:27
145,Provideniya,64.3833,-173.3,-3.89,71,0,8.95,RU,2/13/2022 23:27
146,Dhidhdhoo,6.8833,73.1,78.93,78,100,4.14,MV,2/13/2022 23:27
147,Tilichiki,60.4667,166.1,-16.26,93,7,9.91,RU,2/13/2022 23:27
148,Port Moresby,-9.4431,147.1797,81.82,74,40,3.44,PG,2/13/2022 23:27
149,Mount Gambier,-37.8333,140.7667,64.31,72,100,12.66,AU,2/13/2022 23:18
150,Ulaanbaatar,47.9077,106.8832,-16.47,69,100,0,MN,2/13/2022 23:27
151,Male,4.1748,73.5089,82.35,78,75,12.66,MV,2/13/2022 23:27
152,Alugan,12.2188,125.4808,78.84,81,100,10.22,PH,2/13/2022 23:27
153,Poum,-20.2333,164.0167,82.47,75,97,10.58,NC,2/13/2022 23:27
154,Gazalkent,41.5581,69.7708,37.76,78,100,8.12,UZ,2/13/2022 23:27
155,Kavieng,-2.5744,150.7967,81.99,77,97,6.24,PG,2/13/2022 23:27
156,Valparaiso,-33.0393,-71.6273,68.47,74,20,9.22,CL,2/13/2022 23:27
157,Lebu,-37.6167,-73.65,62.22,81,75,6.62,CL,2/13/2022 23:23
158,Sechelt,49.4664,-123.7694,57.15,76,80,5.77,CA,2/13/2022 23:27
159,Beloha,-25.1667,45.05,74.46,89,13,9.64,MG,2/13/2022 23:26
160,San Patricio,28.017,-97.5169,66.61,23,35,5.37,US,2/13/2022 23:25
161,Bredasdorp,-34.5322,20.0403,65.52,72,97,8.05,ZA,2/13/2022 23:27
162,Tocopilla,-22.092,-70.1979,71.24,67,83,7.18,CL,2/13/2022 23:27
163,Oktyabrskoye,43.0645,44.7417,28.54,86,16,11.18,RU,2/13/2022 23:27
164,Namatanai,-3.6667,152.4333,82.54,72,100,5.64,PG,2/13/2022 23:27
165,Sao Filipe,14.8961,-24.4956,73.94,67,61,10.78,CV,2/13/2022 23:27
166,Aden,12.7794,45.0367,76.12,69,56,7.9,YE,2/13/2022 23:27
167,Aswan,24.0934,32.907,61.9,31,0,5.75,EG,2/13/2022 23:27
168,Chake Chake,-5.2459,39.7666,76.23,85,73,6.02,TZ,2/13/2022 23:27
169,Nemuro,43.3236,145.575,26.64,90,100,12.01,JP,2/13/2022 23:27
170,Visby,57.6409,18.296,36.77,93,100,13.8,SE,2/13/2022 23:27
171,Salinas,36.6777,-121.6555,85.98,39,0,12.66,US,2/13/2022 23:27
172,Pilar,-9.5972,-35.9567,76.93,77,86,10.36,BR,2/13/2022 23:25
173,Oloron-Sainte-Marie,43.1944,-0.6107,58.55,78,100,5.97,FR,2/13/2022 23:27
174,Kaitangata,-46.2817,169.8464,59.94,67,8,4.63,NZ,2/13/2022 23:25
175,Paramonga,-10.6667,-77.8333,73.56,76,13,9.84,PE,2/13/2022 23:27
176,Bonthe,7.5264,-12.505,78.06,88,52,6.58,SL,2/13/2022 23:27
177,Berdigestyakh,62.0989,126.6992,-31.67,100,100,1.1,RU,2/13/2022 23:28
178,Iqaluit,63.7506,-68.5145,-14.31,62,100,6.91,CA,2/13/2022 23:28
179,Saint-Philippe,-21.3585,55.7679,78.39,88,42,12.03,RE,2/13/2022 23:22
180,Dunedin,-45.8742,170.5036,59.54,64,2,4.76,NZ,2/13/2022 23:28
181,Taksimo,56.3444,114.8794,-26.93,91,24,1.5,RU,2/13/2022 23:28
182,Velingara,13.15,-14.1167,77.22,13,24,7.02,SN,2/13/2022 23:28
183,Petropavlovsk-Kamchatskiy,53.0452,158.6483,21.79,46,75,13.42,RU,2/13/2022 23:28
184,Kathmandu,27.7167,85.3167,44.82,100,20,0,NP,2/13/2022 23:28
185,Hermanus,-34.4187,19.2345,71.91,83,67,18.97,ZA,2/13/2022 23:28
186,Ust-Kulom,61.6864,53.6902,-1.48,100,95,1.74,RU,2/13/2022 23:28
187,Barrow,71.2906,-156.7887,-27.38,68,0,9.22,US,2/13/2022 23:28
188,Vanavara,60.34,102.2797,-23.76,99,25,4.65,RU,2/13/2022 23:28
189,Emerald,-23.5333,148.1667,80.74,50,0,13.8,AU,2/13/2022 23:28
190,Eyl,7.9803,49.8164,73.45,68,80,14.72,SO,2/13/2022 23:28
191,Kragero,58.8693,9.4149,42.58,93,100,16.35,NO,2/13/2022 23:28
192,Cidreira,-30.1811,-50.2056,69.22,93,100,4.18,BR,2/13/2022 23:28
193,Kholm,59.2667,32.85,29.37,94,100,12.8,RU,2/13/2022 23:28
194,Flinders,-34.5833,150.8552,74.48,71,100,5.99,AU,2/13/2022 23:28
195,Xai-Xai,-25.0519,33.6442,73.96,91,0,5.06,MZ,2/13/2022 23:28
196,Port Said,31.2565,32.2841,57.18,72,20,10.36,EG,2/13/2022 23:27
197,Isangel,-19.55,169.2667,84.15,73,87,10.04,VU,2/13/2022 23:28
198,Castro,-24.7911,-50.0119,66.67,91,48,4.47,BR,2/13/2022 23:25
199,Ternate,0.8,127.4,80.38,76,100,2.13,ID,2/13/2022 23:28
200,Elko,41.0002,-115.5012,59.05,32,0,3.02,US,2/13/2022 23:28
201,Inirida,3.8653,-67.9239,82.63,64,91,2.37,CO,2/13/2022 23:28
202,Surabaya,-7.2492,112.7508,75.15,100,20,1.14,ID,2/13/2022 23:25
203,Tuktoyaktuk,69.4541,-133.0374,-32.8,68,75,6.91,CA,2/13/2022 23:28
204,Amalapuram,16.5833,82.0167,65.66,84,6,3.56,IN,2/13/2022 23:28
205,Sangod,24.9167,76.2833,56.98,35,0,4.43,IN,2/13/2022 23:28
206,Mogadishu,2.0371,45.3438,76.87,81,98,17.78,SO,2/13/2022 23:28
207,Paamiut,61.994,-49.6678,11.19,92,100,18.75,GL,2/13/2022 23:28
208,Namibe,-15.1961,12.1522,75.02,80,100,1.86,AO,2/13/2022 23:29
209,Chulumani,-16.4096,-67.5263,63.07,93,97,1.95,BO,2/13/2022 23:29
210,Havoysund,70.9963,24.6622,18.48,89,100,4.79,NO,2/13/2022 23:29
211,Vardo,70.3705,31.1107,21.4,92,100,22.62,NO,2/13/2022 23:29
212,Makakilo City,21.3469,-158.0858,79.61,47,0,11.5,US,2/13/2022 23:29
213,Halifax,44.6453,-63.5724,28.45,82,100,6.91,CA,2/13/2022 23:29
214,Urumqi,43.801,87.6005,11.35,85,0,2.24,CN,2/13/2022 23:29
215,Lokoja,7.8024,6.743,82.27,15,62,1.54,NG,2/13/2022 23:29
216,Tabou,4.423,-7.3528,77.5,86,69,4.14,CI,2/13/2022 23:29
217,Klaksvik,62.2266,-6.589,32.92,70,100,28.99,FO,2/13/2022 23:29
218,Alekseyevka,50.6309,38.6903,12.6,95,13,5.7,RU,2/13/2022 23:29
219,Ambon,-3.6954,128.1814,77.14,94,40,3.44,ID,2/13/2022 23:29
220,Sulangan,11.1373,123.7228,79.23,82,100,12.68,PH,2/13/2022 23:29
221,Pochutla,15.7432,-96.4661,87.82,52,57,6.22,MX,2/13/2022 23:29
222,Maniitsoq,65.4167,-52.9,1.67,85,100,9.13,GL,2/13/2022 23:29
223,Sergeyevka,53.88,67.4158,4.87,97,100,3.33,KZ,2/13/2022 23:30
224,Vanimo,-2.6741,141.3028,80.74,84,100,2.44,PG,2/13/2022 23:30
225,Grand Island,40.925,-98.342,41.02,39,0,16.11,US,2/13/2022 23:30
226,Gao,16.6362,1.637,69.73,12,1,9.04,ML,2/13/2022 23:30
227,Maceio,-9.6658,-35.7353,78.24,83,40,8.05,BR,2/13/2022 23:30
228,Padang,-0.9492,100.3543,76.42,78,95,4,ID,2/13/2022 23:30
229,Jardim,-21.4803,-56.1381,86.43,36,77,4.56,BR,2/13/2022 23:30
230,Rumford,44.5537,-70.5509,23.05,52,100,3.96,US,2/13/2022 23:25
231,Torres,-29.3353,-49.7269,74.82,94,94,4.09,BR,2/13/2022 23:30
232,Kuytun,54.3419,101.5036,-27.89,100,100,3.18,RU,2/13/2022 23:30
233,Avarua,-21.2078,-159.775,82.45,74,20,4.61,CK,2/13/2022 23:22
234,Severo-Kurilsk,50.6789,156.125,25.95,66,24,14.41,RU,2/13/2022 23:30
235,Noyabrsk,63.1994,75.4507,-13.07,100,97,9.24,RU,2/13/2022 23:30
236,Port Lincoln,-34.7333,135.8667,67.86,80,96,10,AU,2/13/2022 23:29
237,Shingu,33.7333,135.9833,45.91,77,100,4.25,JP,2/13/2022 23:30
238,Kontagora,10.3999,5.4695,77.31,14,8,4.97,NG,2/13/2022 23:30
239,Zhanaozen,43.3,52.8,27.48,86,24,8.32,KZ,2/13/2022 23:21
240,Nyurba,63.2842,118.3319,-22.31,100,99,1.72,RU,2/13/2022 23:30
241,Xining,36.6167,101.7667,9.01,75,14,2.28,CN,2/13/2022 23:30
242,Shenjiamen,29.9576,122.298,43.95,75,43,16.75,CN,2/13/2022 23:30
243,Elmadag,39.9208,33.2308,30.33,86,100,2.98,TR,2/13/2022 23:30
244,Canelli,44.7215,8.2924,46.42,56,7,0.96,IT,2/13/2022 23:30
245,Prunisor,44.6094,22.9153,35.71,65,100,4.63,RO,2/13/2022 23:30
246,Naryan-Mar,67.6713,53.087,-1.71,98,46,9.04,RU,2/13/2022 23:30
247,Moshi,-3.35,37.3333,69.37,71,43,3.31,TZ,2/13/2022 23:30
248,Abu Samrah,35.3029,37.1841,46.44,72,0,7.52,SY,2/13/2022 23:30
249,Geraldton,-28.7667,114.6,75.61,83,40,3.44,AU,2/13/2022 23:30
250,Perevoz,55.5961,44.5446,26.67,97,96,5.44,RU,2/13/2022 23:30
251,Cabo San Lucas,22.8909,-109.9124,83.61,41,20,11.5,MX,2/13/2022 23:29
252,Tamale,9.4008,-0.8393,85.86,37,40,0.31,GH,2/13/2022 23:26
253,Krasnyy Oktyabr,56.1167,38.8833,23.32,88,100,9.13,RU,2/13/2022 23:30
254,Yulara,-25.2406,130.9889,78.64,24,2,8.05,AU,2/13/2022 23:29
255,Upernavik,72.7868,-56.1549,-5.75,95,100,13.96,GL,2/13/2022 23:26
256,Verkhoyansk,67.5447,133.385,-20.78,94,99,1.3,RU,2/13/2022 23:30
257,Port Elizabeth,-33.918,25.5701,66.49,94,75,10.36,ZA,2/13/2022 23:29
258,Atar,20.5169,-13.0499,66.88,20,99,7.99,MR,2/13/2022 23:30
259,Kununurra,-15.7667,128.7333,73.38,100,75,4.61,AU,2/13/2022 23:30
260,Pisco,-13.7,-76.2167,73.45,64,0,20.71,PE,2/13/2022 23:30
261,Golden,39.7555,-105.2211,55.11,24,20,17.27,US,2/13/2022 23:25
262,Port-Cartier,50.0334,-66.8654,-1.25,87,61,6.69,CA,2/13/2022 23:27
263,Nome,64.5011,-165.4064,-5.73,59,0,0,US,2/13/2022 23:30
264,Reserva,-24.6503,-50.8506,65.95,89,84,1.54,BR,2/13/2022 23:30
265,Benevento,41.2179,14.7464,47.68,86,57,1.28,IT,2/13/2022 23:30
266,Svetlogorsk,52.6333,29.7333,26.89,85,28,9.82,BY,2/13/2022 23:30
267,Peniche,39.3558,-9.3811,55.62,90,5,16.71,PT,2/13/2022 23:26
268,Cayenne,4.9333,-52.3333,79.09,85,75,1.01,GF,2/13/2022 23:30
269,Rio Tuba,8.5061,117.4317,80.91,78,93,11.27,PH,2/13/2022 23:30
270,Paita,-5.0892,-81.1144,74.12,79,18,11.65,PE,2/13/2022 23:31
271,Lagoa,39.05,-27.9833,56.5,59,88,4.7,PT,2/13/2022 23:29
272,Borovichi,58.3878,33.9155,28.22,89,100,11.77,RU,2/13/2022 23:31
273,Leningradskiy,69.3833,178.4167,-16.58,90,89,5.88,RU,2/13/2022 23:31
274,Cherskiy,68.75,161.3,-22.94,97,98,7.4,RU,2/13/2022 23:31
275,Ribeira Grande,38.5167,-28.7,58.12,69,100,10.07,PT,2/13/2022 23:29
276,Puerto Leguizamo,-0.1934,-74.7819,77.16,84,100,4.16,CO,2/13/2022 23:31
277,Bol,13.4586,14.7147,73.53,36,6,14.14,TD,2/13/2022 23:31
278,Kourou,5.1552,-52.6478,79.11,92,71,7.87,GF,2/13/2022 23:31
279,Loa Janan,-0.583,117.095,74.35,93,99,0.81,ID,2/13/2022 23:31
280,Leh,34.1667,77.5833,0.18,87,84,2.51,IN,2/13/2022 23:31
281,Haines Junction,60.7522,-137.5108,24.75,63,100,0,CA,2/13/2022 23:26
282,Belmonte,-15.8631,-38.8828,79.3,87,100,6.91,BR,2/13/2022 23:29
283,Hualmay,-11.0964,-77.6139,72.3,78,19,10.02,PE,2/13/2022 23:31
284,Mar Del Plata,-38.0023,-57.5575,66.22,71,0,3.44,AR,2/13/2022 23:31
285,Savannah Bight,16.45,-85.85,80.65,74,8,15.35,HN,2/13/2022 23:31
286,Sembe,1.6481,14.5806,74.1,53,89,2.33,CG,2/13/2022 23:31
287,Goya,-29.14,-59.2626,71.87,29,0,4.79,AR,2/13/2022 23:31
288,Banjarmasin,-3.3244,114.591,77.14,84,100,1.83,ID,2/13/2022 23:31
289,Talnakh,69.4865,88.3972,-7.6,70,11,8.7,RU,2/13/2022 23:31
290,Puerto Maldonado,-12.6,-69.1833,79.2,78,0,2.3,PE,2/13/2022 23:31
291,Sorland,67.667,12.6934,33.53,55,100,22.21,NO,2/13/2022 23:29
292,Northam,51.0333,-4.2167,46.26,87,100,19.44,GB,2/13/2022 23:28
293,Deputatskiy,69.3,139.9,-11.88,94,87,5.21,RU,2/13/2022 23:30
294,Hue,16.4667,107.6,64.51,94,75,9.22,VN,2/13/2022 23:31
295,Hurghada,27.2574,33.8129,60.84,41,0,14.97,EG,2/13/2022 23:31
296,Kayes,14,-11,76.05,13,24,9.17,ML,2/13/2022 23:31
297,Kapoeta,4.7717,33.5903,83.46,29,73,4.18,SS,2/13/2022 23:31
298,Naze,28.3667,129.4833,58.12,85,100,17.92,JP,2/13/2022 23:31
299,Kurchum,48.5722,83.6542,12.56,92,100,1.99,KZ,2/13/2022 23:31
300,Chimore,-16.9833,-65.1333,72.1,95,48,2.75,BO,2/13/2022 23:31
301,Narsaq,60.9167,-46.05,21.42,95,100,3.69,GL,2/13/2022 23:17
302,Shergarh,28.65,79.35,51.01,70,0,3.83,IN,2/13/2022 23:31
303,Tual,-5.6667,132.75,79.66,78,100,3.83,ID,2/13/2022 23:31
304,Andenes,69.3143,16.1194,30.18,64,55,9.22,NO,2/13/2022 23:31
305,Nalut,30.3333,10.85,52.18,30,15,14.72,LY,2/13/2022 23:31
306,Santa Isabel Do Rio Negro,-0.4139,-65.0192,74.62,94,99,2.17,BR,2/13/2022 23:31
307,Sortavala,61.7053,30.6918,33.15,98,100,13.18,RU,2/13/2022 23:31
308,Clyde River,70.4692,-68.5914,-18.17,76,100,24.16,CA,2/13/2022 23:31
309,High Level,58.5169,-117.136,5.11,72,75,2.3,CA,2/13/2022 23:30
310,Meulaboh,4.1363,96.1285,76.32,87,96,4.25,ID,2/13/2022 23:31
311,Rio Grande,-32.035,-52.0986,64.94,53,0,10.29,BR,2/13/2022 23:31
312,Batemans Bay,-35.7167,150.1833,81.19,45,82,6.67,AU,2/13/2022 23:30
313,Garissa,-0.4536,39.6401,76.12,69,27,7.92,KE,2/13/2022 23:31
314,Brae,60.3964,-1.353,40.91,84,90,21.25,GB,2/13/2022 23:31
315,Hilton Head Island,32.2163,-80.7526,60.85,54,0,10.36,US,2/13/2022 23:27
316,Ventspils,57.3894,21.5606,37.33,87,0,18.41,LV,2/13/2022 23:31
317,Naples,40.8333,14.25,54.75,87,0,2.3,IT,2/13/2022 23:29
318,Bandarbeyla,9.4942,50.8122,73.72,69,23,12.84,SO,2/13/2022 23:32
319,General Pico,-35.6566,-63.7568,65.77,42,0,7.67,AR,2/13/2022 23:31
320,Quelimane,-17.8786,36.8883,76.95,94,40,3.44,MZ,2/13/2022 23:32
321,Hamilton,39.1834,-84.5333,24.73,84,100,12.66,US,2/13/2022 23:32
322,Blagoyevo,63.3667,47.9167,-0.22,99,85,3.87,RU,2/13/2022 23:32
323,Kars,40.602,43.095,9.45,85,0,2.3,TR,2/13/2022 23:32
324,Andra,62.5147,65.8878,-8.82,99,100,2.28,RU,2/13/2022 23:32
325,Goure,13.9835,10.2704,72.01,11,1,8.28,NE,2/13/2022 23:32
326,Gbarnga,6.9956,-9.4722,69.96,97,38,1.68,LR,2/13/2022 23:32
327,Saldanha,-33.0117,17.9442,66.25,90,0,18.92,ZA,2/13/2022 23:29
328,Yumen,40.2833,97.2,23.2,50,74,14.05,CN,2/13/2022 23:32
329,Cestas,44.7435,-0.6791,53.53,81,100,14.97,FR,2/13/2022 23:32
330,Otuzco,-7.9,-78.5833,37.72,89,94,3.09,PE,2/13/2022 23:32
331,Dolinsk,47.35,142.8,22.86,92,100,9.13,RU,2/13/2022 23:32
332,Avera,33.194,-82.5271,54.28,32,6,16.96,US,2/13/2022 23:29
333,Chulym,55.0997,80.9572,18.16,92,100,17.34,RU,2/13/2022 23:32
334,Moron,-34.6534,-58.6198,76.98,39,0,4.45,AR,2/13/2022 23:32
335,Bang Saphan,11.2126,99.5117,76.95,89,65,0.16,TH,2/13/2022 23:32
336,Bay Saint Louis,30.3088,-89.33,55.49,26,0,10.36,US,2/13/2022 23:32
337,Fukue,32.6881,128.8419,50.36,57,75,16.11,JP,2/13/2022 23:32
338,Kahului,20.8947,-156.47,80.62,66,20,17.27,US,2/13/2022 23:29
339,Nha Trang,12.25,109.1833,77,87,78,5.57,VN,2/13/2022 23:32
340,Saint Anthony,45.0205,-93.218,9.14,57,100,10.36,US,2/13/2022 23:30
341,Saint-Joseph,-21.3667,55.6167,77.38,85,21,13.47,RE,2/13/2022 23:32
342,Cedar City,37.6775,-113.0619,59.97,13,0,0,US,2/13/2022 23:32
343,Hay River,60.8156,-115.7999,-7.62,71,75,3.44,CA,2/13/2022 23:32
344,Tingo Maria,-9.2895,-76.0088,69.01,98,100,0.34,PE,2/13/2022 23:32
345,Esil,51.9556,66.4042,14.49,95,100,8.57,KZ,2/13/2022 23:33
346,Souillac,-20.5167,57.5167,81.36,94,40,8.05,MU,2/13/2022 23:33
347,Weligama,5.9667,80.4167,72.18,89,93,6.91,LK,2/13/2022 23:33
348,Tessalit,20.1986,1.0114,62.44,21,13,11.68,ML,2/13/2022 23:33
349,Kenora,49.8167,-94.4337,-2.22,77,100,6.91,CA,2/13/2022 23:33
350,Farafangana,-22.8167,47.8333,74.93,89,7,4.25,MG,2/13/2022 23:33
351,Ankazobe,-18.3167,47.1167,66.61,91,84,3.33,MG,2/13/2022 23:33
352,Mahibadhoo,3.7833,72.9667,80.87,78,100,9.13,MV,2/13/2022 23:33
353,Hit,33.6416,42.8251,54.23,42,0,8.79,IQ,2/13/2022 23:33
354,Umuarama,-23.7664,-53.325,74.84,70,66,3.58,BR,2/13/2022 23:30
355,Pingliang,35.5392,106.6861,18.3,88,22,4.68,CN,2/13/2022 23:33
356,Bluefield,37.2698,-81.2223,30.06,64,20,10.36,US,2/13/2022 23:28
357,Arroio Dos Ratos,-30.0772,-51.7292,70.79,96,30,3.89,BR,2/13/2022 23:33
358,Zyryanka,65.75,150.85,-27.47,94,25,6.89,RU,2/13/2022 23:33
359,Aklavik,68.2191,-135.0107,-26.57,96,100,8.34,CA,2/13/2022 23:29
360,Nhulunbuy,-12.2333,136.7667,86.61,66,8,10.36,AU,2/13/2022 23:31
361,Hambantota,6.1241,81.1185,75.45,83,90,14.41,LK,2/13/2022 23:33
362,Parbhani,19.2667,76.7833,64.89,34,7,7.54,IN,2/13/2022 23:33
363,Mali,12.079,-12.2982,61.79,15,6,2.44,GN,2/13/2022 23:33
364,Mangrol,21.1167,70.1167,64.81,67,1,9.75,IN,2/13/2022 23:30
365,Copala,16.65,-98.9833,82.18,57,82,7.52,MX,2/13/2022 23:34
366,Jishou,28.3167,109.7167,43.32,81,93,1.19,CN,2/13/2022 23:34
367,Miri,4.4148,114.0089,77.14,100,40,3.44,MY,2/13/2022 23:34
368,Chengde,40.9725,117.9361,11.53,70,68,4.99,CN,2/13/2022 23:31
369,Tumba,59.1986,17.8332,38.41,85,100,5.75,SE,2/13/2022 23:34
370,Viseu,40.661,-7.9097,47.53,92,78,4.03,PT,2/13/2022 23:34
371,Hokitika,-42.7167,170.9667,62.28,48,4,6.62,NZ,2/13/2022 23:34
372,Los Llanos De Aridane,28.6585,-17.9182,60.55,72,40,8.05,ES,2/13/2022 23:33
373,Paso De Carrasco,-34.8603,-56.0522,70.25,68,0,2.3,UY,2/13/2022 23:34
374,Broome,42.2506,-75.833,19.62,66,0,9.22,US,2/13/2022 23:34
375,Nichinan,31.6,131.3667,47.88,84,100,11.81,JP,2/13/2022 23:34
376,Mushie,-3.0167,16.9,71.31,96,93,1.23,CD,2/13/2022 23:34
377,Alofi,-19.0595,-169.9187,85.89,62,97,10.36,NU,2/13/2022 23:31
378,Kaeo,-35.1,173.7833,73.33,64,63,4.03,NZ,2/13/2022 23:34
379,Dawlatabad,36.4141,64.9053,40.5,60,10,3.83,AF,2/13/2022 23:34
380,Aksu,41.1231,80.2644,26.8,42,31,4.85,CN,2/13/2022 23:34
381,Nizwa,22.9333,57.5333,59.13,69,0,1.57,OM,2/13/2022 23:34
382,Kabanjahe,3.1001,98.4908,61.56,95,98,1.61,ID,2/13/2022 23:34
383,Cartagena,10.3997,-75.5144,82.02,69,20,12.66,CO,2/13/2022 23:34
384,Kenai,60.5544,-151.2583,35.02,95,100,6.91,US,2/13/2022 23:33
385,Ugento,39.9263,18.1574,43.97,78,6,3.69,IT,2/13/2022 23:34
386,Sumenep,-7.0167,113.8667,77.54,82,96,4.63,ID,2/13/2022 23:34
387,Neuquen,-38.9516,-68.0591,89.49,19,0,4.61,AR,2/13/2022 23:31
388,La Ronge,55.1001,-105.2842,12.45,73,40,8.05,CA,2/13/2022 23:29
389,Aranos,-24.1333,19.1167,70.05,68,100,11.68,NA,2/13/2022 23:34
390,Dzerzhinsk,56.2389,43.4631,24.62,93,100,6.71,RU,2/13/2022 23:34
391,Belle Fourche,44.6714,-103.8522,50.88,30,60,11.63,US,2/13/2022 23:34
392,Sur,22.5667,59.5289,71.02,69,0,14.36,OM,2/13/2022 23:33
393,Nan,18.8333,100.6667,57.22,88,17,0,TH,2/13/2022 23:34
394,Sydney,-33.8679,151.2073,77.32,66,75,8.05,AU,2/13/2022 23:33
395,Egvekinot,66.3167,-179.1667,-16.28,91,59,5.32,RU,2/13/2022 23:31
396,Acari,-15.4311,-74.6158,74.43,74,29,5.26,PE,2/13/2022 23:34
397,Changji,44.0167,87.3167,14.79,85,0,2.24,CN,2/13/2022 23:34
398,Moose Factory,51.2585,-80.6094,-4.02,59,0,3.44,CA,2/13/2022 23:34
399,Nata,8.3333,-80.5167,84.07,61,78,12.64,PA,2/13/2022 23:34
400,Chistogorskiy,53.9835,87.3843,13.28,96,100,4.18,RU,2/13/2022 23:34
401,Ahipara,-35.1667,173.1667,69.53,56,81,9.19,NZ,2/13/2022 23:34
402,Kasongo-Lunda,-6.4667,16.8167,70.83,96,100,1.66,CD,2/13/2022 23:34
403,Margate,51.3813,1.3862,49.87,89,100,10,GB,2/13/2022 23:34
404,Palasa,18.7667,84.4167,62.31,56,21,3.58,IN,2/13/2022 23:34
405,Espinho,41.0076,-8.6413,54.01,86,16,11.79,PT,2/13/2022 23:34
406,Yerbogachen,61.2767,108.0108,-31.25,100,87,3.4,RU,2/13/2022 23:35
407,Altamira,-3.2033,-52.2064,71.69,91,82,3.04,BR,2/13/2022 23:35
408,Goderich,43.7501,-81.7165,14.92,85,100,5.75,CA,2/13/2022 23:35
409,Sveti Nikole,41.8696,21.9527,32.85,83,99,4.43,MK,2/13/2022 23:35
410,Menongue,-14.6585,17.691,63.52,91,98,1.81,AO,2/13/2022 23:35
411,Sao Joao Da Barra,-21.6403,-41.0511,76.42,89,5,13.65,BR,2/13/2022 23:35
412,Neiafu,-18.65,-173.9833,84.88,74,92,12.66,TO,2/13/2022 23:35
413,Kamiiso,41.8167,140.65,19.78,100,20,4.61,JP,2/13/2022 23:35
414,Agueda,40.5772,-8.4444,55.17,93,39,2.08,PT,2/13/2022 23:35
415,Nelson Bay,-32.7167,152.15,79.09,66,95,1.99,AU,2/13/2022 23:35
416,Rochegda,62.8,43.25,10.78,94,100,8.23,RU,2/13/2022 23:35
417,Russell,32.3502,-85.1999,51.08,28,0,10.36,US,2/13/2022 23:35
418,Keskin,39.6731,33.6136,29.66,82,100,3.47,TR,2/13/2022 23:35
419,Ambilobe,-13.2,49.05,72.07,94,49,1.07,MG,2/13/2022 23:35
420,Bireun,5.203,96.7009,76.48,79,62,4.05,ID,2/13/2022 23:35
421,Sabaudia,41.3003,13.0282,51.76,92,58,4.81,IT,2/13/2022 23:35
422,Huarmey,-10.0681,-78.1522,73.35,77,38,9.53,PE,2/13/2022 23:35
423,Dauriya,49.9333,116.8667,-29.42,100,69,0.85,RU,2/13/2022 23:35
424,Ghanzi,-21.5667,21.7833,69.93,63,11,3.8,BW,2/13/2022 23:35
425,Sale,34.0389,-6.8166,55.74,93,60,2.3,MA,2/13/2022 23:32
426,Karratha,-20.7377,116.8463,89.26,50,79,5.95,AU,2/13/2022 23:35
427,Axim,4.8699,-2.2405,78.06,87,29,5.41,GH,2/13/2022 23:35
428,Verkhnyaya Inta,65.9811,60.3094,0.99,89,97,5.32,RU,2/13/2022 23:35
429,Aykhal,66,111.5,-7.85,49,55,1.12,RU,2/13/2022 23:31
430,Kuching,1.55,110.3333,75.42,94,40,0,MY,2/13/2022 23:35
431,Yenotayevka,47.2456,47.0281,30.25,74,0,10.92,RU,2/13/2022 23:35
432,Louis Trichardt,-23.0439,29.9032,65.01,61,25,3.04,ZA,2/13/2022 23:35
433,Lincoln,40.8,-96.667,35.38,41,0,13.8,US,2/13/2022 23:35
434,Nampula,-15.1165,39.2666,71.55,94,75,3.44,MZ,2/13/2022 23:35
435,Sao Domingos,-13.3983,-46.3183,70.14,91,52,2.28,BR,2/13/2022 23:35
436,Boguchany,58.3814,97.4531,-22.95,100,82,3.4,RU,2/13/2022 23:35
437,College,64.8569,-147.8028,15.21,80,100,6.91,US,2/13/2022 23:35
438,Cravo Norte,6.3017,-70.2041,84.18,39,51,4,CO,2/13/2022 23:35
439,Mount Isa,-20.7333,139.5,82.17,65,49,8.05,AU,2/13/2022 23:35
440,Kijang,35.2442,129.2139,42.53,73,98,7.2,KR,2/13/2022 23:35
441,Saint George,37.1041,-113.5841,72.07,13,0,3,US,2/13/2022 23:35
442,Govindgarh,27.5,76.9833,51.06,61,0,1.7,IN,2/13/2022 23:35
443,Dingle,10.9995,122.6711,78.51,83,97,8.25,PH,2/13/2022 23:35
444,Lagos,6.5833,3.75,82.72,83,17,4.29,NG,2/13/2022 23:33
445,Sainte-Maxime,43.3,6.6333,49.68,82,99,10.85,FR,2/13/2022 23:35
446,Fairbanks,64.8378,-147.7164,15.22,80,100,6.91,US,2/13/2022 23:34
447,Akdepe,42.0551,59.3788,33.89,63,80,16.02,TM,2/13/2022 23:35
448,Nouadhibou,20.931,-17.0347,66.18,77,99,18.41,MR,2/13/2022 23:35
449,Coihaique,-45.5752,-72.0662,76.95,33,0,9.22,CL,2/13/2022 23:35
450,Ambalavao,-21.8333,46.9333,63.48,89,58,5.19,MG,2/13/2022 23:35
451,Uji,34.8833,135.8,44.02,55,100,5.88,JP,2/13/2022 23:35
452,Port Hedland,-20.3167,118.5667,84.25,65,10,12.66,AU,2/13/2022 23:33
453,Viedma,-40.8135,-62.9967,78.87,27,0,6.44,AR,2/13/2022 23:35
454,Bowen,-20.0167,148.2333,79.02,63,42,18.99,AU,2/13/2022 23:36
455,Obo,5.3998,26.4869,75.51,22,74,4.61,CF,2/13/2022 23:36
456,Adrar,20.5022,-10.0711,61.81,22,81,11.52,MR,2/13/2022 23:36
457,Valladolid,41.5833,-4.6667,45.75,84,97,18.05,ES,2/13/2022 23:36
458,Anloga,5.7947,0.8973,82.62,82,75,14.9,GH,2/13/2022 23:36
459,Portland,45.5234,-122.6762,65.5,48,75,10.36,US,2/13/2022 23:34
460,Nuuk,64.1835,-51.7216,7.41,85,100,4.61,GL,2/13/2022 23:36
461,Cap-Chat,49.1001,-66.6821,-2.2,84,65,3.44,CA,2/13/2022 23:36
462,Todos Santos,23.45,-110.2167,83.1,66,88,3.58,MX,2/13/2022 23:36
463,Bambanglipuro,-7.95,110.2833,61.61,91,100,5.91,ID,2/13/2022 23:36
464,Ostrovnoy,68.0531,39.5131,21.45,62,100,26.46,RU,2/13/2022 23:36
465,Thaba-Tseka,-29.522,28.6084,59.23,81,95,2.21,LS,2/13/2022 23:36
466,Lensk,60.7253,114.9278,-19.08,99,80,1.52,RU,2/13/2022 23:36
467,Umm Kaddadah,13.6017,26.6876,63.84,18,9,15.35,SD,2/13/2022 23:32
468,Myre,69.1036,15.9492,30.15,62,60,16.82,NO,2/13/2022 23:36
469,Vitoria Da Conquista,-14.8661,-40.8394,66.11,95,65,2.73,BR,2/13/2022 23:36
470,Coos Bay,43.3665,-124.2179,60.31,89,20,9.22,US,2/13/2022 23:36
471,Buckie,57.6757,-2.9624,42.58,64,100,11.23,GB,2/13/2022 23:36
472,Orlik,52.5178,99.825,-25.71,97,88,2.66,RU,2/13/2022 23:36
473,Kyaikkami,16.08,97.5675,74.55,56,66,4.9,MM,2/13/2022 23:36
474,Port Blair,11.6667,92.75,73.44,73,20,2.3,IN,2/13/2022 23:36
475,Pinega,64.7001,43.3936,4.42,92,82,6.96,RU,2/13/2022 23:36
476,Sorong,-0.8833,131.25,78.04,88,100,3.87,ID,2/13/2022 23:35
477,Wahpeton,46.2652,-96.6059,6.82,78,100,19.57,US,2/13/2022 23:36
478,Derzhavinsk,51.1,66.3167,20.32,96,100,11.92,KZ,2/13/2022 23:36
479,Mandalgovi,45.7625,106.2708,-7.96,89,54,7.23,MN,2/13/2022 23:37
480,Mendi,-6.1761,143.6513,61.52,88,98,1.61,PG,2/13/2022 23:34
481,Ketchikan,55.3422,-131.6461,48.18,87,100,5.75,US,2/13/2022 23:37
482,Kloulklubed,7.0419,134.2556,79.3,83,100,22.32,PW,2/13/2022 23:37
483,Strezhevoy,60.7333,77.5889,-5.03,95,98,9.48,RU,2/13/2022 23:33
484,Mazara Del Vallo,37.6641,12.588,51.93,84,85,9.86,IT,2/13/2022 23:37
485,Ampanihy,-24.7,44.75,74.5,84,0,4.92,MG,2/13/2022 23:37
486,Ligayan,4.6533,119.4706,81.9,76,87,11.43,PH,2/13/2022 23:37
487,Benguela,-12.5763,13.4055,75.52,82,91,2.53,AO,2/13/2022 23:37
488,Coquimbo,-29.9533,-71.3436,67.73,68,0,11.5,CL,2/13/2022 23:37
489,Asau,46.4333,26.4,27.95,88,100,3.74,RO,2/13/2022 23:37
490,Doha,25.2867,51.5333,62.58,61,0,8.05,QA,2/13/2022 23:32
491,Maracaju,-21.6144,-55.1683,82.71,41,83,5.19,BR,2/13/2022 23:37
492,Benicarlo,40.4165,0.4271,53.91,73,93,4.27,ES,2/13/2022 23:37
493,Kruisfontein,-34.0033,24.7314,67.19,86,43,5.88,ZA,2/13/2022 23:37
494,Codrington,-38.2667,141.9667,69.22,63,66,9.98,AU,2/13/2022 23:34
495,Zambezi,-13.5432,23.1047,64.54,94,90,2.84,ZM,2/13/2022 23:37
496,Changli,39.7042,119.1506,18.84,71,90,6.8,CN,2/13/2022 23:37
497,Tabory,58.5198,64.5495,-6.77,100,92,2.62,RU,2/13/2022 23:37
498,Husavik,66.0449,-17.3389,4.91,78,75,16.24,IS,2/13/2022 23:32
499,Tanabe,33.7333,135.3667,45.93,58,75,11.5,JP,2/13/2022 23:37
500,Morondava,-20.2833,44.2833,79.68,83,74,0.63,MG,2/13/2022 23:35
501,Terrace,54.5163,-128.6035,39.11,87,100,11.5,CA,2/13/2022 23:36
502,Rambha,19.5167,85.1,63.01,62,10,3.22,IN,2/13/2022 23:37
503,Bathsheba,13.2167,-59.5167,77.61,73,20,16.11,BB,2/13/2022 23:37
504,Nguruka,-5.1092,31.0419,63.84,95,94,3.56,TZ,2/13/2022 23:38
505,Marsa Matruh,31.3525,27.2453,53.8,76,40,5.75,EG,2/13/2022 23:38
506,Usakos,-22,15.6,71.78,79,98,8.86,NA,2/13/2022 23:38
507,Taltal,-25.4,-70.4833,68.4,76,20,4.59,CL,2/13/2022 23:38
508,San Vicente,-26.6167,-54.1333,72.09,61,44,1.74,AR,2/13/2022 23:38
509,Kyra,49.5776,111.9753,-24.14,99,40,3.44,RU,2/13/2022 23:38
510,Port Arthur,38.8,121.2667,21.42,77,100,22.88,CN,2/13/2022 23:38
511,San Ignacio,17.1561,-89.0714,75.34,88,75,6.91,BZ,2/13/2022 23:34
512,Mpika,-11.8343,31.4529,61.79,99,100,1.48,ZM,2/13/2022 23:38
513,Tshikapa,-6.4167,20.8,69.69,98,100,3.38,CD,2/13/2022 23:38
514,Asfi,32.2994,-9.2372,56.14,85,37,9.98,MA,2/13/2022 23:33
515,Port-De-Bouc,43.4,4.9833,52.02,76,100,18.41,FR,2/13/2022 23:38
516,Inhambane,-23.865,35.3833,75.67,82,1,7.63,MZ,2/13/2022 23:38
517,Qaqortoq,60.7167,-46.0333,21.7,95,100,12.1,GL,2/13/2022 23:38
518,Capao Da Canoa,-29.7456,-50.0097,69.8,93,100,1.68,BR,2/13/2022 23:38
519,Ruteng,-8.6136,120.4721,67.86,79,80,1.52,ID,2/13/2022 23:38
520,Orchard Homes,46.8633,-114.0484,54.28,43,0,3.44,US,2/13/2022 23:38
521,Riyadh,24.6877,46.7219,50.14,33,0,8.81,SA,2/13/2022 23:34
522,Mestia,43.0458,42.7278,17.1,59,50,5.28,GE,2/13/2022 23:38
523,Magdalena,14.1999,121.429,78.12,82,98,5.55,PH,2/13/2022 23:38
524,Saint-Pierre,-21.3393,55.4781,78.48,78,0,14.97,RE,2/13/2022 23:38
525,Hensall,43.4334,-81.4998,15.15,95,100,6.06,CA,2/13/2022 23:38
526,Normandin,48.8333,-72.5321,-18.27,63,98,3.44,CA,2/13/2022 23:38
527,Winslow,35.0242,-110.6974,65.3,7,0,6.06,US,2/13/2022 23:33
528,Daragutan,17,122.0333,74.25,88,56,1.03,PH,2/13/2022 23:38
529,Trinidad,-14.8333,-64.9,80.58,74,67,5.75,BO,2/13/2022 23:38
530,Grindavik,63.8424,-22.4338,28.87,93,100,11.5,IS,2/13/2022 23:37
531,Cowra,-33.8333,148.6833,69.73,35,88,4.27,AU,2/13/2022 23:38
532,Bismarck,46.8083,-100.7837,38.88,70,0,20.71,US,2/13/2022 23:37
533,Opuwo,-18.0607,13.84,68.65,86,100,4.36,NA,2/13/2022 23:38
534,Pascagoula,30.3658,-88.5561,54.05,31,0,11.5,US,2/13/2022 23:38
535,San Quintin,30.4833,-115.95,72.68,29,4,11.68,MX,2/13/2022 23:38
536,Hasaki,35.7333,140.8333,36.28,68,100,29.59,JP,2/13/2022 23:38
537,Terney,45.0503,136.6092,17.13,71,54,8.59,RU,2/13/2022 23:38
538,Cardston,49.2,-113.3019,50.29,37,99,8.05,CA,2/13/2022 23:38
539,Ust-Tsilma,65.441,52.1498,-3.66,100,56,4.03,RU,2/13/2022 23:38
540,Ola,59.5833,151.2833,-0.8,76,69,9.13,RU,2/13/2022 23:38
541,Plouzane,48.3833,-4.6167,46.49,87,75,13.8,FR,2/13/2022 23:38
542,Daman,20.4167,72.85,69.67,63,0,1.01,IN,2/13/2022 23:38
543,Faya,18.3851,42.4509,50.11,50,58,2.15,SA,2/13/2022 23:36
544,Turukhansk,65.8167,87.9833,-7.73,90,42,11.79,RU,2/13/2022 23:38
545,Panguna,-6.3164,155.4848,79.03,69,92,3.09,PG,2/13/2022 23:38
546,Almaty,43.25,76.95,21.11,100,100,6.71,KZ,2/13/2022 23:38
547,Lokachi,50.737,24.6494,28.74,76,56,9.22,UA,2/13/2022 23:38
548,Waipawa,-41.4122,175.5153,58.46,71,100,13.4,NZ,2/13/2022 23:38
549,Roma,43.2128,-75.4557,18.66,73,100,10,US,2/13/2022 23:36
550,Nandgaon,20.3167,74.65,66.36,43,1,5.32,IN,2/13/2022 23:38
551,Bijie,27.3125,105.2942,36.81,93,48,2.64,CN,2/13/2022 23:38
552,Richards Bay,-28.783,32.0377,75.92,92,80,6.93,ZA,2/13/2022 23:38
553,Gushikawa,26.3544,127.8686,63.99,94,75,8.05,JP,2/13/2022 23:39
554,Khrebtovaya,56.7032,104.2494,-31.23,100,12,3.2,RU,2/13/2022 23:39
555,Huilong,31.8111,121.655,42.04,80,0,9.08,CN,2/13/2022 23:39
556,Monrovia,6.3005,-10.7969,78.57,85,41,7.38,LR,2/13/2022 23:39
557,Pouembout,-21.1333,164.9,87.76,62,90,5.21,NC,2/13/2022 23:39
558,Dwarka,22.2394,68.9678,68.77,61,0,8.75,IN,2/13/2022 23:39
559,Dawei,14.0833,98.2,72.14,84,28,2.44,MM,2/13/2022 23:39
560,Yermakovskoye,53.2831,92.4003,-6.3,92,79,2.91,RU,2/13/2022 23:39
561,Fort Saint James,54.4333,-124.25,34.47,98,100,1.48,CA,2/13/2022 23:39
562,Kargil,34.5667,76.1,0.91,95,100,1.45,IN,2/13/2022 23:39
563,Roald,62.5833,6.1333,38.91,93,100,18.41,NO,2/13/2022 23:37
564,Houma,29.5958,-90.7195,55.4,30,0,9.22,US,2/13/2022 23:37
565,Kalanguy,51.0167,116.5167,-24.18,99,22,4.74,RU,2/13/2022 23:39
